model_type,data,route,MAE_test,MSE_test,RMSE_test,MAPE_test,R2_test,5_fold_cv_MAE,MAE_actual_vs_planned,MAPE_actual_vs_planned
MLP,test,46A_74,378.66045802775244,235984.7322357465,485.78259770780846,0.08836733256093086,0.5792793605889711,394.44680364947476,443.97076867556837,0.09976953348387757
MLP,test,46A_67,421.88059538000715,289437.4455496291,537.993908468887,0.0924398627109254,0.5732394740076734,438.2520852102787,546.1009096877051,0.1121597960233152
MLP,test,145_102,377.2720777075916,231418.18980777098,481.05944519131,0.07575038671363361,0.6053966475284288,390.6966166441456,505.27472148845754,0.09660186825021005
MLP,test,15_17,478.59454965494956,387674.1692567795,622.634860296771,0.09391883984586698,0.4147139236418196,495.9971982900108,594.6584298888627,0.1109778065416222
MLP,test,145_105,480.2654938576485,356640.9522691346,597.1942332852308,0.09186803063580837,0.5643577994823362,480.18214356030967,723.3649169275222,0.12892109317685108
MLP,test,40_31,424.5557647405399,293296.6980252937,541.568738042821,0.07764530398277607,0.5801622858404878,441.1015773300343,523.5970709271363,0.0914762922448959
MLP,test,39A_43,381.6088741967499,238235.36807347598,488.0936058518652,0.07655696303533972,0.5459111298862349,390.11246542164025,522.7417421091264,0.0995192313031319
MLP,test,130_11,187.62214903169453,56835.068785350406,238.401067080981,0.1022756198029384,0.4752870455468632,189.40313591678668,227.70128110372013,0.11679066260742799
MLP,test,40_27,431.7996465149249,302087.7729545285,549.6251203816366,0.07608473200388806,0.6101227354642611,455.9745546906064,532.6732710280373,0.0905736792543658
MLP,test,130_10,144.3163180491659,33720.76132346192,183.63213586804986,0.08102009619695541,0.5432856321873765,146.67272702164115,204.47114895780376,0.10756219567885458
MLP,test,39A_40,391.58526717929965,256069.14125316634,506.0327472142157,0.07204349080346889,0.6869361573945946,412.81443685805743,743.1239436619718,0.12983896316160284
MLP,test,27_19,461.0330048463004,351733.638388647,593.0713602836062,0.07646522168200379,0.6052763892666857,473.47288749527434,629.3153377630122,0.09890124459252132
MLP,test,123_36,322.0399114850918,172108.21854175697,414.8592755884301,0.09064472546706955,0.5197418744221511,333.69197116202804,398.7688993885492,0.10680723757005535
MLP,test,16_24,440.0481481512607,314167.70040681306,560.5066461754161,0.08038154089891845,0.5093269946688601,459.249753781918,573.3250753985351,0.0993053632980019
MLP,test,123_34,323.8868958895021,173163.08573995536,416.1286889172091,0.09263442100469567,0.54103846916551,336.4745654186202,377.41162431559735,0.10339912099109876
MLP,test,27_17,513.3227652470227,419215.02878672257,647.4681681648316,0.08496626056055998,0.49715356127472765,524.1175624789763,674.2375840847288,0.10493908838289741
MLP,test,15_16,598.7689744212132,529914.7618367256,727.9524447632041,0.11277227336072115,0.3782732710234138,600.7529169767449,867.431767996467,0.14725851241579554
MLP,test,140_19,279.50974487474065,127562.96508989514,357.15957930579873,0.07911281978327914,0.5049824934787719,292.8830862751667,349.70190078813164,0.09522334079058752
MLP,test,16_20,434.86721436893384,307353.24595814414,554.394485865565,0.08115631548921713,0.572509551077707,451.1019938465803,511.78534278959813,0.09051913162628682
MLP,test,9_7,390.8677088941508,253765.40763008027,503.7513351149357,0.08680554696104764,0.4807249657609707,402.05142832491237,459.5128772317902,0.09542095038103349
MLP,test,9_5,363.8094057354714,225086.79640437302,474.43313164699305,0.0770207216055029,0.6134037740043441,392.1680015806992,475.24511657214873,0.09613618279425223
MLP,test,140_21,456.2335539294161,337749.713679177,581.1623815072488,0.11766685302781633,0.2990866491724855,459.27187066842373,567.9416850313612,0.13504947199587589
MLP,test,14_15,398.4892329097133,264886.1318233717,514.6708966158585,0.08420276977951004,0.5693442729543887,408.5221589630506,476.34005869405723,0.09587027990667217
MLP,test,14_16,385.25412219176314,244436.62203273375,494.405321606406,0.08077317540548615,0.5694114032404571,389.5783208828182,465.6855728968405,0.09377242921659784
MLP,test,4_10,359.9451657038359,216886.47690840796,465.71072234640246,0.0835382132940763,0.5971930778635579,373.8968150455837,449.577668059248,0.09939039792579166
MLP,test,37_15,300.2762546142584,148827.01889514574,385.78105046145765,0.07811763264054025,0.5074432517698504,309.8998260074865,381.41584158415844,0.0961564430188021
MLP,test,15B_60,436.9973095180811,308916.58779663104,555.8026518438276,0.13387259884069477,0.39098055035182777,439.2248986020084,513.5402919416117,0.14076145872448242
MLP,test,29A_15,219.3563189400663,80000.32909191045,282.84329423182453,0.0887857939920328,0.6220020064644566,228.6585997587809,260.23270951993493,0.10041874508649336
MLP,test,37_14,374.54613255086093,235151.42840264118,484.9241470607967,0.09276757001111738,0.5587013134761383,384.2878401346181,490.8801169590643,0.11292794153590092
MLP,test,15A_83,237.59921067498755,98038.53819125546,313.11106366791876,0.09784229888322465,0.6761090455185159,250.77369002787114,305.65969703435036,0.11739053439175764
MLP,test,29A_14,203.33373888089633,70186.08473219248,264.9265647914389,0.0837645569161132,0.6257852513646818,208.17959578855388,254.19195767195768,0.10089706115195046
MLP,test,41_7,336.7635736337108,187251.29146352477,432.7254227145948,0.09196701989144196,0.5232643922919729,335.02724237817097,426.09138155045474,0.11127685587836492
MLP,test,4_12,391.1362887359052,243844.6494109801,493.8062873343961,0.08942320582834533,0.6095009990107949,406.4787023807524,470.7645519947678,0.10272590238403059
MLP,test,150_8,222.1596366664508,83373.10292110383,288.74400932504875,0.09495935897618173,0.4838434712135874,224.7755907205485,278.84180543382996,0.11203967719079226
MLP,test,25A_270,255.71713489108697,115474.20007237107,339.81494974819907,0.07651233947143776,0.6990301789084559,261.92462241187485,345.71431782423014,0.10000193802518124
MLP,test,1_40,288.59762829166647,139573.20406898146,373.594973291908,0.0917381241857028,0.5205230015066611,305.2649329089334,357.4413948256468,0.10747433668770631
MLP,test,83_16,411.70898235838763,289300.1609799746,537.8663040012589,0.08333849308284864,0.5885696416129454,434.67591706250676,509.5867084358917,0.10006621662420201
MLP,test,25B_271,290.92609576389157,145937.67898435963,382.01790401021736,0.08121318175078272,0.6683865282929374,294.7826184999889,381.80401775286145,0.10197529162989492
MLP,test,27B_23,248.6130002306729,102272.00222515837,319.79994093989194,0.09202699549530524,0.4805954968207129,253.65101919332923,298.0688474705211,0.10780844903690194
MLP,test,1_37,253.5085441517439,106629.73898068482,326.5420937347662,0.08490475717432062,0.5300220749063502,267.21615709672716,332.5174175568973,0.10698331717738171
MLP,test,25A_273,271.8203761736609,123157.02668590704,350.93735436101275,0.08572092794884677,0.6431449969605185,274.94283615695076,368.4909857176305,0.10912978094941284
MLP,test,41_3,290.38289380286847,140950.77297270647,375.43411269183633,0.08602238866073947,0.5792828871805578,293.3781680524359,387.41812588736394,0.10923967103692067
MLP,test,25B_274,265.01739099179485,116198.35429732369,340.87879707796975,0.08075754662601149,0.6227425195831303,275.1779641630342,372.361216730038,0.10579919954110478
MLP,test,83_22,437.72523043202585,315762.8996086959,561.9278419945891,0.09300424646449243,0.42994822568749447,448.4840333159374,510.6293739585813,0.10407095530862778
MLP,test,151_17,301.4644757946952,148868.17455731097,385.83438747383695,0.08073668174402267,0.5666389893248487,316.6378063121521,410.20448386302047,0.1032169074457529
MLP,test,150_9,233.24526918549728,88521.64668154839,297.52587565041864,0.09921098113595411,0.4629145697985104,237.53005701915822,366.6985867446394,0.14454944656519145
MLP,test,77A_28,365.66763446873256,225799.22915351434,475.18336371711746,0.07813784014211145,0.6776424505766047,382.82620467072076,507.8811274509804,0.10481815207860319
MLP,test,11_42,373.88313366356755,248715.67463194372,498.71402088967153,0.08739388593817951,0.6239893367998965,388.07430665094796,489.9555388093444,0.10889675148066673
MLP,test,18_3,376.2056136784652,234809.94299152738,484.5719172543198,0.09761621518150061,0.6000128080467215,399.12099274132083,480.3396761133603,0.11786582084334433
MLP,test,15B_61,305.41874077145224,155371.53556802304,394.1719619252783,0.08989658024927985,0.6054077245350489,312.9613857385655,431.96403835908364,0.11838452404863972
MLP,test,39_21,398.0593522978926,282976.1240752538,531.9550019270932,0.07952647478708305,0.5804563027984552,407.27092326763506,582.9599690082645,0.11183408143015298
MLP,test,77A_29,386.09685455111213,250617.15938661748,500.6167789703193,0.08334678030791806,0.6858955980544968,398.8818790649361,541.2414149238316,0.11072349737278163
MLP,test,11_40,506.6556120852778,537362.892649762,733.0504025302503,0.10458167779076728,0.5456831327974874,513.3185902896928,1606.6205737916775,0.2834790104027563
MLP,test,41C_78,327.14982044817924,180652.2201599671,425.03202251120695,0.08897837796490644,0.5873551439925287,338.65366289673017,489.3373056994819,0.12398475286311808
MLP,test,18_4,361.92707674643077,225137.02617213718,474.4860653087055,0.09268528948176259,0.7095069295471602,382.7793967156147,467.47635135135135,0.11464681621185527
MLP,test,120_9,141.9259981801869,32981.56879628643,181.6082839418027,0.09631060013779584,0.43448263359436257,142.02231134037706,176.12800218340612,0.1133492388422763
MLP,test,42_44,286.854012775881,143536.84828425277,378.86257176481917,0.09143108286783658,0.5135392150198415,291.65997196258405,349.77319309600864,0.10647366650657643
MLP,test,15A_84,272.9863118770661,124947.07037974751,353.4785288808183,0.0952215103662214,0.6282353169826508,282.7015863016142,381.799944582987,0.12620506157403857
MLP,test,67_6,314.59410768159245,174067.38453209796,417.2138354993731,0.07562705503573373,0.6300324810039253,329.0422611288096,505.08902077151333,0.11466416335926742
MLP,test,42_42,271.6001785814128,122972.6127587035,350.6745111334776,0.08208216166014469,0.5732462752594536,280.4783644345061,334.5964961067853,0.09712917728113223
MLP,test,120_7,159.77537755135432,41303.525644772664,203.23268842578614,0.1006390986674464,0.46802106613178907,158.81570360762527,189.90534979423867,0.11072871821011972
MLP,test,151_15,301.1708697505088,152633.5718441258,390.68346758485416,0.07574275413786447,0.5601400149942566,319.12603482147205,397.9585062240664,0.09525522682539833
MLP,test,27B_34,227.78608668376378,87566.7191080709,295.91674354127196,0.07833246685247035,0.5107753522224752,237.6515710950427,300.7206420726556,0.09846124468922961
MLP,test,39_20,370.02531505578906,234583.84361048683,484.338563001633,0.0726359971910503,0.7057814297958573,393.0471494209893,901.9736992567181,0.16694500075632493
MLP,test,67_4,347.1853081136387,201153.14692694522,448.5009999174419,0.08105285003278503,0.5708513175657072,353.00195997040777,451.4455899198167,0.0997586439070851
MLP,test,41C_79,331.93656579506484,189365.9409246284,435.16197090810726,0.09128667493753892,0.5183074650258994,329.0248773819125,419.85645526613814,0.11002308400152236
MLP,test,76_36,326.41686594790866,174579.77315726166,417.8274442365672,0.11551262009691443,0.610480508969554,327.64015701375916,535.201829616924,0.17023501846569536
MLP,test,31_18,226.89913328054814,84481.77683138892,290.6574905819372,0.0925371054179155,0.5343595281954132,224.00173214782325,266.52234957020056,0.104799173206255
MLP,test,76_37,227.06438815150617,92980.74899623284,304.9274487418816,0.08395243719154212,0.6544866597384367,232.55427643787976,306.3575757575758,0.10766729873681895
MLP,test,79_10,189.61237404544568,60915.504174984,246.81066462976028,0.09886698338047963,0.5296565139589375,189.643112207373,225.1371615590598,0.10965835599884635
MLP,test,79_11,227.06354381547902,85944.75522662538,293.1633592839074,0.0960134654475643,0.5015152146953221,236.4756904823163,346.7671314150104,0.13680713053354085
MLP,test,31_15,252.84421136964914,101417.91464900556,318.46179464577153,0.0898302758169478,0.5474861150283229,255.60991741522872,310.2882637628554,0.10541122221752292
MLP,test,49_27,271.7319627546022,128626.2204271114,358.6449782544172,0.0845661123906181,0.699438680673592,289.76084838996604,347.5321044546851,0.10379150108156703
MLP,test,49_28,393.1017817754401,263766.04894480266,513.5815893748555,0.11001421133045207,0.513447387359446,392.9499677079936,606.3073524771221,0.1559369324869392
MLP,test,17A_17,358.4382145061356,210766.68815292526,459.09333272541136,0.08231674504749345,0.3575061515888611,354.4205913885777,437.9723333333333,0.09594913255055743
MLP,test,17A_15,365.27981516074254,214178.7380611395,462.79448793296956,0.08299640220649726,0.41489492025961305,365.44279945979025,435.91398577717575,0.09403362753714868
MLP,test,122_18,315.045529237924,157591.51609266922,396.977979354862,0.07911332458754887,0.5082116517023713,319.088045664691,459.366285119667,0.1095159908373746
MLP,test,27A_5,183.7320293534996,56332.33519489594,237.34433887265132,0.09206413416201432,0.48879641702780097,184.06067807016944,238.14225053078556,0.11217656347144624
MLP,test,27A_4,161.45869800819975,43808.82426337756,209.30557628352275,0.08818048068257286,0.625376604936605,163.18979998773497,194.48596112311014,0.10172093120036828
MLP,test,122_20,320.80164791765776,162218.54849956965,402.76363850224817,0.0781314607095906,0.5339002217681837,326.992859805432,485.78808419550484,0.11168190263685858
MLP,test,102_8,271.0114643765898,122595.3534286611,350.1361926860191,0.07754825134501346,0.5031754782657412,279.62626295784355,338.4297994269341,0.09286484894944758
MLP,test,54A_12,364.43190164837887,219789.05482118615,468.81665373702987,0.09930958617812374,0.5546449504135121,374.00350179106175,545.3253851797506,0.1388740762990008
MLP,test,13_67,443.54268193188096,339778.20969686034,582.9049748431217,0.07245861873799163,0.4676147253592712,458.3183842506243,556.3790706183681,0.08771851176222743
MLP,test,54A_11,279.97627453914595,136412.9927853787,369.3412958029182,0.08272432581458758,0.5545539029147994,274.8375971813107,340.49092928544985,0.09768827070109745
MLP,test,102_9,264.78160942470953,112826.46913654574,335.8965155171243,0.0784076555540932,0.5496755396501922,268.41284459647284,332.4337260677467,0.09567262820553511
MLP,test,79A_27,170.4601300341417,46916.68451425451,216.60259581605783,0.08561434975572427,0.4582742387962242,173.35664316998083,238.0377286585366,0.11377090535834403
MLP,test,38_14,484.8171106669992,371291.13065714226,609.3366316389835,0.1112694416554804,0.571366079639595,472.77368113204466,614.5458579881657,0.1293138379257024
MLP,test,38_9,379.56302177135285,244856.75261565243,494.83002396343375,0.08491178514835693,0.6716185797636445,376.43029967567173,489.7068965517241,0.10276721283378189
MLP,test,38A_20,402.1916990791539,293497.3331036979,541.7539414750001,0.09308789900717186,0.5277857418935605,404.7011874989121,535.9618757148304,0.11710982929659117
MLP,test,7A_85,381.48326050506967,240495.99054270022,490.4039055133026,0.08618805237571964,0.55870650544997,396.0877916556304,487.09400386847193,0.1049721218832652
MLP,test,40D_104,245.64174861363836,97541.16426184475,312.3158085365593,0.08148794191834988,0.23933134400226308,247.65945458588985,306.3427323272438,0.09703534815961194
MLP,test,79A_28,225.2345382990415,88094.6041386991,296.8073518946239,0.09026562311202317,0.5721560211107759,236.86183172237764,373.43369609028616,0.14044967497330044
MLP,test,40D_102,247.91881415948487,99948.18733838666,316.145832391298,0.08263864238407727,0.3585437505534632,256.4728263579942,370.78746928746926,0.11629489734212713
MLP,test,17_15,345.3661147911495,202075.1193910541,449.527662542645,0.08891324779370664,0.6624420310176373,372.14096842044205,475.61006289308176,0.12204054396445085
MLP,test,75_17,365.12226012020585,247943.8164775217,497.9395711103122,0.08309625506313172,0.6631348919416316,375.36023886818623,499.74021052631576,0.1103401783455371
MLP,test,43_84,280.323750297213,132299.27377786505,363.7296712915583,0.0892250893904319,0.5918423096460383,286.58231195790285,336.58933901918977,0.1035728093016184
MLP,test,75_19,351.417274860341,209004.03646348894,457.16959267156966,0.07783025642793585,0.6846439861921578,370.3033632460921,584.063593683312,0.12308403719740763
MLP,test,13_60,429.5093777647734,318970.1086115623,564.7743873544216,0.06868839377091832,0.4584768931317976,447.2837610821931,560.9090909090909,0.08574445981575732
MLP,test,7_72,529.6713027288679,443127.1932459079,665.6779951642595,0.11673605910276363,0.39848460637603444,524.9957012410891,707.9526498696786,0.14283428490408198
MLP,test,17_10,318.78899369943423,173112.18239608133,416.0675214386258,0.08478863353336147,0.6413590096054738,337.88357866409234,433.56244343891404,0.11006124493803209
MLP,test,184_29,183.60510058680393,55235.66310544686,235.0226863633527,0.06900423274556292,0.5428423194148938,187.96101317284882,244.2009674582234,0.08904640482837294
MLP,test,32_58,208.19782107850898,70780.1509400836,266.0453926308133,0.07842810151599143,0.6353755825359135,214.6795824335556,283.0227471566054,0.10423445106574901
MLP,test,184_28,237.62183094809956,104783.0406650555,323.7020862846817,0.07788282403737662,0.4539910404256323,243.60205181579244,340.11492032834377,0.1064972586416065
MLP,test,32_57,259.5288100181192,113308.12401989942,336.6127211201315,0.08614726103819675,0.6180799160248527,267.0819293389898,336.5470508779829,0.10826753045456301
MLP,test,43_88,268.4556501426206,121281.18237169669,348.254479327541,0.09173148151829243,0.5183435299010639,275.0977317360525,319.7522686025408,0.10580213873460396
MLP,test,66_18,293.9099213843837,155062.59588054265,393.7798825239078,0.07463712646406984,0.664545677398644,297.11388650274773,535.3018779342723,0.12756085051421814
MLP,test,70_60,450.4615013531851,330932.12028899137,575.2669991308309,0.1038140629924505,0.5799275260077357,464.73588958255897,665.982686008423,0.13934647715503407
MLP,test,66_17,325.7902145300809,173765.8451496324,416.8523061584671,0.07535553286584691,0.6527077239305019,343.7975469352856,492.0716013546202,0.10806617823881033
MLP,test,38A_32,519.14675408582,435686.19877314626,660.0652988706089,0.12387034895922117,0.35484929348017447,529.5623816341096,630.0942662779397,0.1401486866696693
MLP,test,33B_56,138.11027133112458,32462.581982240466,180.17375497624639,0.0894453140703995,0.2869501473538154,141.81070238273577,182.76079228034536,0.11192762813711087
MLP,test,70_67,434.7746112620707,325597.9977900839,570.611950269256,0.11033242745594468,0.5404657322824848,433.48274507689166,578.295647823912,0.1392057403493956
MLP,test,7_70,449.5389832869094,321380.88285488193,566.9046505849832,0.10171409591087749,0.21625666954220013,447.0159257374779,594.1887366818873,0.12595246025488063
MLP,test,65B_65,350.65208220016245,227192.6707346706,476.64732322197153,0.09853813374233825,0.6278716032984512,346.30378928321346,433.5375453133092,0.1137869947088456
MLP,test,33B_58,281.6002633821738,132709.89823888187,364.2936977754101,0.14740743386043564,0.1926678201156885,284.23440537482224,407.3508682328907,0.18428166856990513
MLP,test,7A_87,384.02701381571666,239062.61631560326,488.94029933684465,0.08100601758037923,0.26101827437411806,401.15966330249387,540.4298813376483,0.10785138769769725
MLP,test,65B_66,627.1425183720405,638202.8205590002,798.8759732017231,0.15247098607161352,0.41509735420054183,643.7206405852957,1052.1915367483296,0.22837856727855707
MLP,test,45A_60,240.46028647660034,97132.42040593282,311.66074569302566,0.07269619595897962,0.7096290347467546,250.98571276677552,322.41813031161473,0.09285625355014399
MLP,test,44_36,406.07376719102734,298056.8822809412,545.9458602104619,0.07226927886209591,0.6738815074625746,412.4789941382305,562.3006993006993,0.09710794633538304
MLP,test,270_44,210.3960124032012,67969.76666176926,260.71011998342,0.1508216646504532,0.02361459962899959,210.28598537137887,251.23495032144945,0.16084916289915815
MLP,test,270_42,198.81452549698412,64889.31404691663,254.73381017626346,0.14252856324373483,0.32223943831552315,204.42474715266673,300.4782608695652,0.19011077678476374
MLP,test,63_26,337.0233711501188,184440.58629917615,429.4654657817974,0.1118194897303732,0.2791652058070425,325.93062186557864,435.82214156079857,0.13426757007686427
MLP,test,25_269,228.80590785803122,93286.94175780858,305.42911085521723,0.08508450724117438,0.6623578887595486,230.80799228172737,305.29371499688864,0.1069051582133821
MLP,test,44_40,401.05942326141115,279159.06361548917,528.3550544998023,0.07239317069950564,0.6351945854537391,399.9296827675184,524.4362416107383,0.09267758637855344
MLP,test,61_108,232.77727972942952,94891.59532232696,308.04479434382097,0.08392113793070484,0.6498135905429034,235.23234500014752,325.2645569620253,0.11086803873950482
MLP,test,47_139,326.2178029374097,188381.41665823138,434.0292808765687,0.09694822790751136,0.7152485975814658,338.5901605072885,394.17335882727855,0.11704889665548783
MLP,test,45A_64,311.4130514517053,171341.79808196318,413.93453357018086,0.0887135462780204,0.6390505050831775,312.731643440334,419.9672955974843,0.11197177887432086
MLP,test,63_30,267.97859680617745,128909.96051037987,359.04033270703707,0.10361651784728526,0.28572383135270896,280.7115472195623,352.7142857142857,0.12891902752506615
MLP,test,61_106,244.96373080839282,109162.68890302343,330.39777375615506,0.08562146971065854,0.6606781985014689,249.71020006764064,367.8359375,0.12264665633052513
MLP,test,47_136,345.0390483151031,251479.00001808832,501.4768190236597,0.09524234475557332,0.5401870302261946,336.2386054699265,748.489289740699,0.1922725491734452
MLP,test,56A_31,292.7783737297617,150517.39493669738,387.96571360971757,0.08796528864006169,0.6306518273770346,289.0152194635054,475.01939799331103,0.13777202057740354
MLP,test,25_272,299.0107480982334,148605.5803080903,385.4939432832769,0.10391227076230473,0.5629521396682613,306.24403702735214,383.2163624070318,0.12343002757584962
MLP,test,56A_30,284.46608661845136,145616.145732958,381.5968366390869,0.08452560573258479,0.7085605453320842,288.32253280681334,395.6242424242424,0.11225093643800228
MLP,test,114_6,194.4976354188323,65546.9939774959,256.02147171183884,0.11148177130800839,0.5497419284140284,203.85648796830029,249.19459833795014,0.13284187189876676
MLP,test,114_5,197.74311091978487,66717.14440506652,258.29662097105825,0.1082775713957623,0.5071439064641232,200.01695543987526,253.20571827057182,0.13025965561466962
MLP,test,26_29,214.71560526710252,80998.85402786669,284.60297614021306,0.10260522069500086,0.5948877135012036,212.82846748792008,402.23000707714084,0.17544656113210255
MLP,test,26_28,218.5410407796622,80615.50425210077,283.92869571795796,0.10551152893873339,0.4154878932739896,220.56596891568262,295.02863436123346,0.13380664814966778
MLP,test,238_11,153.690087837239,39700.54664207456,199.24996020595478,0.09248221449974864,0.44213198172975465,157.42415383106228,225.983137829912,0.1280996057427238
MLP,test,238_15,154.6206377684492,39254.499433320794,198.12748278146773,0.09798560786137742,0.3586174200695992,152.2579988553398,289.48624535315986,0.16895184098759752
MLP,test,84_30,312.2520901888289,167514.0679321007,409.28482494724955,0.06431574434084303,0.6520823019666719,318.35870358387376,421.25959367945825,0.0847844454124435
MLP,test,33_44,434.18025674764374,363500.1015643938,602.9096960278495,0.07208142069103614,0.6078355042744648,430.0810831209059,819.2290852228303,0.1306341574798176
MLP,test,59_11,131.08851058597756,32136.947453643428,179.267809306756,0.11080049530756259,0.3955693402179157,132.86594920991666,159.67538461538462,0.12739545932254762
MLP,test,59_10,116.28352031589881,22567.433386145327,150.22460978862728,0.10074816842734066,0.3995012586166037,124.01873860539334,149.98470948012232,0.12052590508956511
MLP,test,84_27,317.91716687474326,180022.8288114724,424.29097187127655,0.06440550358250079,0.5937455023287936,321.208711347178,463.56637863315007,0.09224270161602158
MLP,test,33_70,388.3138254703495,256612.33978188716,506.5691855826676,0.06875713231653115,0.6801910941347793,381.02341127963416,777.5082872928177,0.13182385625795662
MLP,test,53_21,126.12124436141437,26216.490810609626,161.91507283329005,0.09933184128771805,0.2571514029059997,131.40818306588022,164.94512694512696,0.12314522969114035
MLP,test,111_7,225.87317661544878,97204.99709160729,311.7771593488004,0.0874053882941826,0.5936466591673604,230.97410558148403,303.7770326906957,0.11571638828589696
MLP,test,83A_23,427.9586876037455,284503.9710718694,533.3891366271621,0.0966243013248367,0.38467158813092484,423.39120858264033,497.72727272727275,0.10688947948951082
MLP,test,83A_17,371.63474849010123,222713.2563831549,471.925053777774,0.08243871500812858,0.5267942154866316,389.3789129770345,448.78984861976846,0.09461064675978895
MLP,test,104_16,227.6532969826857,86859.95330144175,294.7201270721797,0.09899624361621809,0.2683365299124919,232.42266063035987,258.65042174320524,0.1073167562399705
MLP,test,104_15,245.43758708449934,105762.45743940899,325.2114042271719,0.10262361205451254,0.32313752733204526,240.1246926773229,257.4023722627737,0.10417770835575112
MLP,test,185_56,99.35462803455256,16845.86461820039,129.7916199844982,0.08848968707750186,0.41972895922115505,100.9626789326124,121.70691333982474,0.10309938233917486
MLP,test,69_47,286.5657112367647,157400.00760816547,396.7366980859793,0.0685191215797521,0.738604015620794,295.0213467137153,632.3201160541586,0.1452575666301502
MLP,test,239_28,401.9721511410386,272203.17113304517,521.7309374888987,0.13532561667659768,0.18525349069183394,422.15716615551037,666.8429423459245,0.19514694359362605
MLP,test,53_20,189.50694166884452,61106.99187888802,247.19828453872412,0.1264659266657179,0.20437931013533728,197.79602123300532,208.9061413673233,0.13004761598979084
MLP,test,68_83,272.0742286416876,136537.5054101643,369.5098177452993,0.06676728098848927,0.3943857975634769,287.1854160483703,408.9655543595264,0.0976410580429902
MLP,test,66A_37,309.52910533479127,166677.5240287974,408.2615877458929,0.09585088266051127,0.44849697780097275,321.8729294895112,431.61985216473073,0.12596096167692672
MLP,test,239_26,362.7660368859124,237682.20784547034,487.5266227043097,0.12440012092848304,0.5508438930231626,361.20906140294835,732.7890946502058,0.21839237217761134
MLP,test,66A_38,260.38378971343377,122373.74893430588,349.8195948404061,0.08315008018171724,0.5461493163309903,264.2016306006973,465.60748663101606,0.1387359055223113
MLP,test,66B_59,247.6835821142595,112421.14459330942,335.29262531900315,0.07723678541999889,0.6335911404594463,262.83047272744125,481.0342245989305,0.1401376205982408
MLP,test,66B_58,427.6253300656219,292649.8964264594,540.9712528651216,0.12162717851133534,0.4792134731945191,440.5807398067759,655.8509513742072,0.16418098632766243
MLP,test,69_45,272.0478778707536,128356.53914604218,358.2688085028366,0.07054298237592765,0.6049597218535001,268.5352198347392,472.1389195148842,0.11679552694633293
MLP,test,68_81,354.24368700989066,211169.33649986202,459.531649073121,0.07978081839717097,0.5299454148705691,353.17018831150233,496.7813186813187,0.10765964219008652
MLP,test,31A_26,253.42238289256304,104900.36200405237,323.8832536641133,0.08275226040823032,0.2840562208046822,261.6949071578793,319.7993273542601,0.0997656271681033
MLP,test,31A_25,294.63888024187156,146519.94204168825,382.77923407845446,0.08345519053585858,0.2218977931080326,296.96280063260974,406.8626309662398,0.11253104346209276
MLP,test,220_12,316.9765299945972,176667.80212799722,420.31869114755915,0.07138540365771126,0.4761875243402709,317.14847697246626,501.681712962963,0.10800972166945887
MLP,test,111_8,431.43758334377384,290416.6837803684,538.903223019095,0.15067735928384898,-0.15464895520121047,424.933007161103,607.0416666666666,0.18237432691581784
MLP,test,65_77,715.2299745787054,844905.4857009113,919.187405103503,0.14238043134877518,0.4154556166531853,702.5964927446834,1073.7838179519595,0.18783797413016876
MLP,test,220_10,334.7873880470349,186424.61968857542,431.76917408330047,0.07237123237526712,0.5470301757776745,347.42172111341233,469.65748031496065,0.09704890573452381
MLP,test,65_74,303.73007292581394,174729.00102075835,418.0059820394421,0.06897877641567919,0.716308984933129,310.2816508254006,413.44319775596074,0.09013595180416178
MLP,test,185_53,116.83049431108329,21773.70824129554,147.559168611427,0.07223524454633821,-0.06649382373189994,126.2687438268343,157.12561983471073,0.0935580544820495
MLP,test,40B_65,226.9521274014074,81910.78700367684,286.2006062252085,0.08718295609646627,0.4237147688807201,229.0239175294136,299.6046931407942,0.11051127163919734
MLP,test,33A_22,222.12459443261014,83588.44480403392,289.1166629650286,0.06294338835189889,0.30543300748419466,224.86141730379532,623.6344086021505,0.16816442940252366
MLP,test,33A_25,232.46656666863527,90083.6861013051,300.1394444275945,0.07115814793266446,0.47923843403850874,227.3937944085456,1073.2929936305732,0.31502138548670067
MLP,test,40B_63,248.40908160550183,99394.28114092184,315.26858571846617,0.09455328374495699,0.31626854566991536,259.46448771606754,461.47789473684213,0.16205154157351429
MLP,test,84A_3,203.2633871904476,70246.38467375413,265.04034536982124,0.08266551543356526,0.37817755341461634,210.83004094633208,281.9086956521739,0.11367276313411924
MLP,test,38B_44,595.4497941600706,556218.2916557773,745.8004368836058,0.12510288192947483,-0.08243580661331706,592.2767927244694,650.9609195402298,0.13014312103350886
MLP,test,84A_1,306.5062649290565,163983.42924481625,404.9486748278308,0.11102514487217177,0.3969387227599842,303.8500131730281,334.77294685990336,0.11594324197706571
MLP,test,41B_52,302.0547972340173,170741.72359575465,413.2090555587506,0.09487666056326946,0.6193600456545394,302.58267603029196,584.4598540145986,0.17381753265081984
MLP,test,41B_53,307.00650048440076,165543.88617355985,406.8708470430879,0.09213445955171583,0.41561188029442464,314.3469343720533,444.336,0.12724072504478337
MLP,test,7B_93,535.6271446775999,444660.0818668002,666.8283751212152,0.10265224836680881,0.3125892053810396,552.8017920060042,775.9753424657534,0.1347893827521353
MLP,test,38B_40,438.67420812921375,298612.1248200213,546.45413789267,0.11082697050493245,0.21511815204027251,432.76481174521734,596.623268698061,0.13919148343575186
MLP,test,44B_60,159.9228676020982,41958.039173922145,204.8366158037233,0.09923633128799964,0.4842247877139302,167.56633220737814,233.75581395348837,0.13790145315520644
MLP,test,84X_57,682.5244399145428,732157.7191053609,855.6621524324661,0.11960674695567569,-0.29487850732692067,695.8420403545106,612.679012345679,0.10735850435738006
MLP,test,84X_62,355.4831069645301,213306.72144546662,461.8514062395682,0.06446387774433307,0.5263107159344478,357.6094201496903,581.7118155619596,0.10249583327513082
MLP,test,44B_61,184.6794974021401,52159.489174383816,228.3845204351289,0.10818273377751847,0.02754412184371957,180.10333496266517,204.84036144578315,0.11599797003260381
MLP,test,25D_275,531.3668477401528,416219.3095991546,645.1506100122317,0.14183923401585907,0.050531635358920246,495.0248498241743,498.0914634146341,0.1276751230086218
MLP,test,33X_49,262.88022102322094,109585.99852642496,331.0377599707093,0.05423885521694267,0.37882169900128104,291.08257735689614,596.1287128712871,0.12039938567997316
MLP,test,67X_46,423.6971145311216,296536.5538940957,544.5516999276522,0.0787592864442426,0.3329836449821647,459.5265886636322,582.9837662337662,0.1045864194279956
MLP,test,33X_46,240.4925764101552,92001.17548341108,303.31695548289264,0.05033201780317856,0.15264557930665612,247.94546695503445,644.5979020979021,0.13372081297748098
MLP,test,142_12,352.40689802751535,192876.99241789317,439.1776319644401,0.06055200277107564,0.031395721969979085,367.69021206505374,474.6953405017921,0.07997839923562629
MLP,test,7B_91,271.79702991675686,112801.32129968748,335.85907952545733,0.05898968625758333,0.03847573006206273,299.55362627717284,407.46043165467626,0.08521798523345545
MLP,test,39X_1,411.4922923647074,262820.9917880448,512.6606985014989,0.08167375609469892,-0.0030103900063864764,408.76498450137103,549.2702702702703,0.10736094306857913
MLP,test,161_50,208.34696936233675,70137.40870870333,264.83468184643664,0.1220094883038854,0.3337163701206187,232.26301038750307,419.3448275862069,0.2330912441155599
MLP,test,142_13,294.6875215536396,143456.6322670804,378.7566927026906,0.05052078263125913,0.38034710108233183,335.4042285136693,595.8617886178862,0.09811736747140987
MLP,test,39X_3,431.4818193067694,287047.8261779722,535.7684445522825,0.10338759221358852,-0.0850921725320195,414.21690100462075,378.8619246861925,0.08804231553232542
MLP,test,25D_277,302.3220035486575,154957.01654763464,393.6458008764156,0.08612573786353833,-0.006694361645082081,309.5692581741524,381.71120689655174,0.10365741785788603
MLP,test,161_51,206.6654061890199,72095.3754963135,268.50582022800455,0.17412499144625673,0.6021696718615268,246.08046023884557,549.3898305084746,0.5423123525588168
MLP,test,68A_86,243.7234448834788,95166.25305720021,308.4902803285708,0.11751818907894293,0.15396275779557633,261.1317920157203,512.7533039647577,0.23216718156561889
MLP,test,67X_43,411.81608984103707,282094.76220825105,531.1259381806268,0.06338203382591383,0.07136476304400718,458.44364426031495,538.1048034934498,0.08111082740919372
MLP,test,76A_28,520.0675476610718,419896.09223734995,647.9938983025611,0.11154094315705468,0.23921851177964026,548.6993075131821,824.557603686636,0.16189436944517957
MLP,test,31B_46,331.3339316076158,174122.1442006413,417.27945576153314,0.09841787088022644,0.2952601004405848,350.16143083023564,464.26605504587155,0.1352096054190787
MLP,test,76A_29,390.98759517333286,283283.11489569745,532.24347332372,0.09017572658466631,0.6322984782153017,421.50888774315473,563.2361111111111,0.1229892262746408
MLP,test,31B_44,314.2959492605638,155081.18809199994,393.80348918210456,0.08815245727180464,-0.11669185950772198,330.0841235964879,346.6047619047619,0.09439113403380082
MLP,test,236_9,118.39228494794011,21088.137957943534,145.21755389051123,0.062447449087892,0.30538051672877076,132.10581407817756,571.7020202020202,0.29598530209982876
MLP,test,16C_28,254.64919913041106,127483.9933839212,357.0490069779234,0.13370167190129903,0.24487545114431974,224.3077789946934,345.23595505617976,0.18041144867107012
MLP,test,40E_91,148.98276627499655,34317.362460643024,185.2494600819204,0.09305791413094741,-0.17905711748204944,144.60367657281,230.0391061452514,0.1367154029353255
MLP,test,40E_90,178.14033903711353,55637.77187682407,235.87660307208102,0.10089816960263913,-0.00229014680625661,197.65022774189282,373.258064516129,0.22736941674546318
MLP,test,68A_87,390.6930700682693,244229.60509208686,494.1959177209853,0.18532174673924065,0.16189417606253176,376.61030643810454,455.7889908256881,0.19629583299398806
MLP,test,66X_102,340.71285629474426,182450.60602347812,427.1423720768968,0.06452203524989444,0.4180929113618468,396.0937794568773,615.8333333333334,0.11126076422472161
MLP,test,66X_92,376.3917653963542,230936.57018995014,480.55860224321253,0.06182345001337959,0.10986503887237231,438.8697832695666,582.9116022099447,0.09149411946279633
MLP,test,236_10,191.1120774715121,64665.14920056385,254.29343129653162,0.09223588977853826,-0.34262610958185946,183.8735448516879,393.5113636363636,0.1859090033121011
MLP,test,14C_18,158.49463229348942,39358.175128085524,198.38894910777043,0.07391143328548491,0.5965790892045972,184.30055280504783,278.5542857142857,0.11951335818944657
MLP,test,41X_125,205.82225919900813,69990.80885804814,264.55776091063393,0.0498042669085177,0.38226505929879584,295.962106555877,537.5266272189349,0.12644176732857162
MLP,test,51D_51,340.6983243755507,190561.1492152684,436.53310208421584,0.06939301533537742,0.15677197040794555,373.29262626355984,547.6457142857142,0.1095741565571756
MLP,test,16C_29,120.75802989924617,22403.66286596732,149.678531747099,0.07400756506628896,-0.013254416438927663,129.74408599507206,176.63313609467457,0.10543158137158956
MLP,test,51D_50,261.10572328623385,115316.15661355248,339.58232670966913,0.07658826709940518,-0.7678950944798195,298.5566828168327,323.53846153846155,0.09312836014687724
MLP,test,27X_42,396.6709244664796,254371.22423091615,504.35228187341056,0.09242514788006624,-0.24922931723548825,392.28516996417807,434.56643356643355,0.09748301674415051
MLP,test,32X_76,437.13815107490615,303760.6661196692,551.144868541538,0.0780146143240224,-0.7479750877509408,423.8163761185897,430.2857142857143,0.0765793127587606
MLP,test,41A_22,306.7320090974206,151031.28024373017,388.62743115190693,0.07860489058743962,0.515912069910571,315.3143199828696,348.10483870967744,0.0891088850714613
MLP,test,27X_43,364.71903024242033,212716.97446122905,461.2125046670234,0.0846092730427739,0.17795891122144702,374.9894641251095,530.3333333333334,0.1195967978621659
MLP,test,15D_62,359.94486102458904,228525.72785469142,478.0436463908828,0.10019625605042347,0.049815198378883485,350.10985009646544,435.8617886178862,0.11944473013866617
MLP,test,32X_77,334.47629941339534,176727.959501113,420.39024667695725,0.0616190815536235,-0.0014979148854479263,353.55260277146726,413.336,0.0751294726807662
MLP,test,25X_11,431.15085790320455,332174.3658934259,576.3456999869313,0.09871263987563288,-1.0321905736531214,563.4615026455493,409.29411764705884,0.09188321056839849
MLP,test,46E_94,396.5521004289987,253809.14913483377,503.79474901474885,0.10239822957137153,0.27542451996589934,400.3641482176675,582.6339285714286,0.14071605267117376
MLP,test,25X_10,391.60833727217664,241754.8875788441,491.685761008842,0.0822331507233546,-0.0830003977257916,414.4756126981997,515.5412844036697,0.1043539011288936
MLP,test,41X_121,474.3380777103181,393282.27418481134,627.1222163062088,0.08887917527578756,-0.2556385894652615,519.7164876005696,833.3603603603603,0.14699767984660125
MLP,test,14C_17,201.9430417741908,62444.15202119005,249.88827907925184,0.19248498766895178,-1.6865549621992648,151.62275517517773,148.44444444444446,0.13571664881925383
MLP,test,118_4,459.40054191051075,405660.473306008,636.9148085152425,0.11862990574658241,-0.7281056810343753,537.771575373208,395.8378378378378,0.0961965954385582
MLP,test,7D_120,366.7326714406633,211757.08045884324,460.17070795395404,0.0866827283511535,-0.9913343265715995,324.64829689486373,411.2535211267606,0.09582253693783141
MLP,test,38D_68,316.3802345167736,167100.79776811454,408.7796445129265,0.09469485898123886,-0.598567361291056,363.13561997304436,762.1971830985915,0.21809818928620586
MLP,test,68X_88,632.2359463304747,569447.8099430166,754.6176581176832,0.1535723344201407,-5.762873669348915,626.9025339796756,896.45,0.21808086463908713
MLP,test,116_3,767.1365690254306,964974.5053231432,982.3311586848619,0.13371177701104425,-0.4856592692436459,832.40137287978,798.8787878787879,0.13854651707163454
MLP,test,69X_60,518.8266358095752,406360.63836657297,637.4642251660661,0.13418052357202184,-1.9352866362395114,458.7582737455946,540.2444444444444,0.13798226522724122
MLP,test,69X_59,280.16927185292525,115024.50342850604,339.15262556628693,0.08582844346244346,-0.18567492473315905,304.5133731587103,325.85714285714283,0.09437772637978373
MLP,test,33D_61,308.6869668188519,165959.86870390893,407.38172357619203,0.09961127563437067,-1.0488992198616094,351.47170456962897,342.4,0.11242002987949502
MLP,test,33D_62,428.11968337568965,265475.93808384094,515.2435716084588,0.11902248288769092,-0.7641045524701031,449.706008614005,585.7741935483871,0.15421873130284414
MLP,test,51X_64,516.8382486461691,429717.07519468636,655.5280887915379,0.10027618802062863,-0.8919327290454244,525.4363296687322,467.0967741935484,0.08552324222892023
MLP,test,7D_123,662.5526972017575,750659.4216441584,866.4060374005703,0.1584198528825673,-1.4801718311925485,611.9476874485861,707.9672131147541,0.1590031861412804
MLP,test,77X_61,544.9956745789457,515326.58354975283,717.8625101993786,0.09210471176726474,-0.2068507449237491,611.2939938289976,684.0833333333334,0.11680050241088305
MLP,test,116_1,424.0304476576956,273013.54591100075,522.5069816863702,0.13231768606644448,0.1945991368675003,496.81895553232545,527.8857142857142,0.16217325126679044
MLP,test,38D_61,625.9480770680111,524217.9947932901,724.0290013482127,0.18452196225806142,-11.967482908816006,446.42585696750194,354.14285714285717,0.10434805676167572
MLP,test,15D_63,455.2993468212865,351041.0231215369,592.4871501741932,0.09972027472252946,0.3130952053440086,553.3574758272089,596.2727272727273,0.12435307116787495
MLP,test,42D_51,327.9619925647484,169248.043466905,411.3976707115695,0.11162631833905882,-1.3047166622931932,342.07638151329314,324.36538461538464,0.1105608905655742
MLP,test,70D_71,440.0723624024692,339779.70733104966,582.9062594714949,0.13416214977494334,-1.1307341260456183,397.3620694567041,284.64814814814815,0.082469803488203
MLP,test,70D_70,435.0517150888515,279742.17975273356,528.9065888724904,0.10540131291714355,-1.0353501331110562,414.14498417500033,406.5576923076923,0.09665354147876612
MLP,test,31D_50,316.9226756434826,141385.32959436474,376.0124061708134,0.1423457257835878,-0.29490401281871836,307.96226861305684,358.74074074074076,0.16471636658441471
MLP,test,42D_50,366.73766278249616,232736.934034149,482.42816463609273,0.11775344223910741,-2.8986495041461633,294.6970719753789,470.6730769230769,0.15251030098527876
MLP,test,31D_51,309.74098275190005,166124.10062309733,407.5832437957887,0.14002070051986645,0.028515095278083824,387.32235555166653,377.0943396226415,0.16807564613225667
MLP,test,16D_30,616.5434000207596,511997.3047452818,715.5398694309646,0.10973348200068705,-0.17659644209114833,768.7804822614496,672.44,0.1091781863919677
